INSERT INTO `equipos` (`id`, `nombre`) VALUES
(1, 'Real Madrid'),
(2, 'FC Barcelona'),
(3, 'Atlético Madrid'),
(4, 'Real Sociedad'),
(5, 'Villarreal CF'),
(6, 'Real Betis'),
(7, 'Valencia CF'),
(8, 'Sevilla FC'),
(9, 'Athletic Club'),
(10, 'Celta de Vigo'),
(11, 'RCD Mallorca'),
(12, 'Getafe CF'),
(13, 'Rayo Vallecano'),
(14, 'Deportivo Alavés'),
(15, 'Granada CF'),
(16, 'CA Osasuna'),
(17, 'UD Almería'),
(18, 'UD Las Palmas'),
(19, 'Girona FC'),
(20, 'Elche CF'),
(21, 'Manchester United'),
(22, 'Manchester City'),
(23, 'Liverpool'),
(24, 'Arsenal'),
(25, 'Chelsea'),
(26, 'Tottenham Hotspur'),
(27, 'Everton'),
(28, 'Leeds United'),
(29, 'Aston Villa'),
(30, 'Newcastle United'),
(31, 'West Ham United'),
(32, 'Crystal Palace'),
(33, 'Wolverhampton Wanderers'),
(34, 'Leicester City'),
(35, 'Southampton'),
(36, 'Burnley'),
(37, 'Nottingham Forest'),
(38, 'Sheffield United'),
(39, 'Brighton & Hove Albion'),
(40, 'Fulham'),
(41, 'Juventus'),
(42, 'Inter de Milán'),
(43, 'AC Milan'),
(44, 'Roma'),
(45, 'Napoli'),
(46, 'Lazio'),
(47, 'Atalanta'),
(48, 'Fiorentina'),
(49, 'Torino'),
(50, 'Venezia'),
(51, 'Sampdoria'),
(52, 'Udinese'),
(53, 'Hellas Verona'),
(54, 'Genoa'),
(55, 'Bologna'),
(56, 'Cagliari'),
(57, 'Empoli'),
(58, 'Lecce'),
(59, 'Monza'),
(60, 'Salernitana'),
(61, 'Bayern Munich'),
(62, 'Borussia Dortmund'),
(63, 'RB Leipzig'),
(64, 'Bayer Leverkusen'),
(65, 'Eintracht Frankfurt'),
(66, 'VfL Wolfsburg'),
(67, 'Borussia Mönchengladbach'),
(68, 'Hertha Berlin'),
(69, 'Schalke 04'),
(70, 'SC Freiburg'),
(71, 'VfB Stuttgart'),
(72, '1. FC Köln'),
(73, '1. FSV Mainz 05'),
(74, '1899 Hoffenheim'),
(75, 'Werder Bremen'),
(76, 'Augsburg'),
(77, 'Union Berlin'),
(78, 'Arminia Bielefeld'),
(79, 'Hamburger SV'),
(80, 'Fortuna Düsseldorf'),
(81, 'Paris Saint-Germain'),
(82, 'Olympique de Marseille'),
(83, 'Olympique Lyonnais'),
(84, 'AS Monaco'),
(85, 'Lille OSC'),
(86, 'Stade Rennais'),
(87, 'OGC Nice'),
(88, 'Montpellier HSC'),
(89, 'RC Lens'),
(90, 'Stade de Reims'),
(91, 'FC Nantes'),
(92, 'AS Saint-Étienne'),
(93, 'Toulouse FC'),
(94, 'RC Strasbourg'),
(95, 'Angers SCO'),
(96, 'Clermont Foot'),
(97, 'FC Lorient'),
(98, 'ESTAC Troyes');

INSERT INTO `camisetas` (`id`, `equipo_id`, `year_inicio`, `year_fin`, `version`, `precio`, `estado`) VALUES
(203, 1, 2023, 2024, 'LOCAL', 19.99, 'normal'),
(204, 1, 2023, 2024, 'VISITANTE', 19.99, 'normal'),
(205, 2, 2023, 2024, 'LOCAL', 19.99, 'normal'),
(206, 2, 2023, 2024, 'VISITANTE', 19.99, 'normal'),
(207, 3, 2023, 2024, 'LOCAL', 19.99, 'normal'),
(208, 3, 2023, 2024, 'VISITANTE', 19.99, 'normal'),
(209, 4, 2023, 2024, 'LOCAL', 19.99, 'normal'),
(210, 4, 2023, 2024, 'VISITANTE', 19.99, 'normal'),
(211, 5, 2023, 2024, 'LOCAL', 19.99, 'normal'),
(212, 5, 2023, 2024, 'VISITANTE', 19.99, 'normal'),
(213, 6, 2023, 2024, 'LOCAL', 19.99, 'normal'),
(214, 6, 2023, 2024, 'VISITANTE', 19.99, 'normal'),
(215, 7, 2023, 2024, 'LOCAL', 19.99, 'normal'),
(216, 7, 2023, 2024, 'VISITANTE', 19.99, 'normal'),
(217, 8, 2023, 2024, 'LOCAL', 19.99, 'normal'),
(218, 8, 2023, 2024, 'VISITANTE', 19.99, 'normal'),
(219, 9, 2023, 2024, 'LOCAL', 19.99, 'normal'),
(220, 9, 2023, 2024, 'VISITANTE', 19.99, 'normal'),
(221, 10, 2023, 2024, 'LOCAL', 19.99, 'normal'),
(222, 10, 2023, 2024, 'VISITANTE', 19.99, 'normal'),
(223, 11, 2023, 2024, 'LOCAL', 19.99, 'normal'),
(224, 11, 2023, 2024, 'VISITANTE', 19.99, 'normal'),
(225, 12, 2023, 2024, 'LOCAL', 19.99, 'normal'),
(226, 12, 2023, 2024, 'VISITANTE', 19.99, 'normal'),
(227, 13, 2023, 2024, 'LOCAL', 19.99, 'normal'),
(228, 13, 2023, 2024, 'VISITANTE', 19.99, 'normal'),
(229, 14, 2023, 2024, 'LOCAL', 19.99, 'normal'),
(230, 14, 2023, 2024, 'VISITANTE', 19.99, 'normal'),
(231, 15, 2023, 2024, 'LOCAL', 19.99, 'normal'),
(232, 15, 2023, 2024, 'VISITANTE', 19.99, 'normal'),
(233, 16, 2023, 2024, 'LOCAL', 19.99, 'normal'),
(234, 16, 2023, 2024, 'VISITANTE', 19.99, 'normal'),
(235, 17, 2023, 2024, 'LOCAL', 19.99, 'normal'),
(236, 17, 2023, 2024, 'VISITANTE', 19.99, 'normal'),
(237, 18, 2023, 2024, 'LOCAL', 19.99, 'normal'),
(238, 18, 2023, 2024, 'VISITANTE', 19.99, 'normal'),
(239, 19, 2023, 2024, 'LOCAL', 19.99, 'normal'),
(240, 19, 2023, 2024, 'VISITANTE', 19.99, 'normal'),
(241, 20, 2023, 2024, 'LOCAL', 19.99, 'normal'),
(242, 20, 2023, 2024, 'VISITANTE', 19.99, 'normal'),
(243, 21, 2023, 2024, 'LOCAL', 19.99, 'normal'),
(244, 21, 2023, 2024, 'VISITANTE', 19.99, 'normal'),
(245, 22, 2023, 2024, 'LOCAL', 19.99, 'normal'),
(246, 22, 2023, 2024, 'VISITANTE', 19.99, 'normal'),
(247, 23, 2023, 2024, 'LOCAL', 19.99, 'normal'),
(248, 23, 2023, 2024, 'VISITANTE', 19.99, 'normal'),
(249, 24, 2023, 2024, 'LOCAL', 19.99, 'normal'),
(250, 24, 2023, 2024, 'VISITANTE', 19.99, 'normal'),
(251, 25, 2023, 2024, 'LOCAL', 19.99, 'normal'),
(252, 25, 2023, 2024, 'VISITANTE', 19.99, 'normal'),
(253, 26, 2023, 2024, 'LOCAL', 19.99, 'normal'),
(254, 26, 2023, 2024, 'VISITANTE', 19.99, 'normal'),
(255, 27, 2023, 2024, 'LOCAL', 19.99, 'normal'),
(256, 27, 2023, 2024, 'VISITANTE', 19.99, 'normal'),
(257, 28, 2023, 2024, 'LOCAL', 19.99, 'normal'),
(258, 28, 2023, 2024, 'VISITANTE', 19.99, 'normal'),
(259, 29, 2023, 2024, 'LOCAL', 19.99, 'normal'),
(260, 29, 2023, 2024, 'VISITANTE', 19.99, 'normal'),
(261, 30, 2023, 2024, 'LOCAL', 19.99, 'normal'),
(262, 30, 2023, 2024, 'VISITANTE', 19.99, 'normal'),
(263, 31, 2023, 2024, 'LOCAL', 19.99, 'normal'),
(264, 31, 2023, 2024, 'VISITANTE', 19.99, 'normal'),
(265, 32, 2023, 2024, 'LOCAL', 19.99, 'normal'),
(266, 32, 2023, 2024, 'VISITANTE', 19.99, 'normal'),
(267, 33, 2023, 2024, 'LOCAL', 19.99, 'normal'),
(268, 33, 2023, 2024, 'VISITANTE', 19.99, 'normal'),
(269, 34, 2023, 2024, 'LOCAL', 19.99, 'normal'),
(270, 34, 2023, 2024, 'VISITANTE', 19.99, 'normal'),
(271, 35, 2023, 2024, 'LOCAL', 19.99, 'normal'),
(272, 35, 2023, 2024, 'VISITANTE', 19.99, 'normal'),
(273, 36, 2023, 2024, 'LOCAL', 19.99, 'normal'),
(274, 36, 2023, 2024, 'VISITANTE', 19.99, 'normal'),
(275, 37, 2023, 2024, 'LOCAL', 19.99, 'normal'),
(276, 37, 2023, 2024, 'VISITANTE', 19.99, 'normal'),
(277, 38, 2023, 2024, 'LOCAL', 19.99, 'normal'),
(278, 38, 2023, 2024, 'VISITANTE', 19.99, 'normal'),
(279, 39, 2023, 2024, 'LOCAL', 19.99, 'normal'),
(280, 39, 2023, 2024, 'VISITANTE', 19.99, 'normal'),
(281, 40, 2023, 2024, 'LOCAL', 19.99, 'normal'),
(282, 40, 2023, 2024, 'VISITANTE', 19.99, 'normal'),
(283, 41, 2023, 2024, 'LOCAL', 19.99, 'normal'),
(284, 41, 2023, 2024, 'VISITANTE', 19.99, 'normal'),
(285, 42, 2023, 2024, 'LOCAL', 19.99, 'normal'),
(286, 42, 2023, 2024, 'VISITANTE', 19.99, 'normal'),
(287, 43, 2023, 2024, 'LOCAL', 19.99, 'normal'),
(288, 43, 2023, 2024, 'VISITANTE', 19.99, 'normal'),
(289, 44, 2023, 2024, 'LOCAL', 19.99, 'normal'),
(290, 44, 2023, 2024, 'VISITANTE', 19.99, 'normal'),
(291, 45, 2023, 2024, 'LOCAL', 19.99, 'normal'),
(292, 45, 2023, 2024, 'VISITANTE', 19.99, 'normal'),
(293, 46, 2023, 2024, 'LOCAL', 19.99, 'normal'),
(294, 46, 2023, 2024, 'VISITANTE', 19.99, 'normal'),
(295, 47, 2023, 2024, 'LOCAL', 19.99, 'normal'),
(296, 47, 2023, 2024, 'VISITANTE', 19.99, 'normal'),
(297, 48, 2023, 2024, 'LOCAL', 19.99, 'normal'),
(298, 48, 2023, 2024, 'VISITANTE', 19.99, 'normal'),
(299, 49, 2023, 2024, 'LOCAL', 19.99, 'normal'),
(300, 49, 2023, 2024, 'VISITANTE', 19.99, 'normal'),
(301, 50, 2023, 2024, 'LOCAL', 19.99, 'normal'),
(302, 50, 2023, 2024, 'VISITANTE', 19.99, 'normal'),
(303, 51, 2023, 2024, 'LOCAL', 19.99, 'normal'),
(304, 51, 2023, 2024, 'VISITANTE', 19.99, 'normal'),
(305, 52, 2023, 2024, 'LOCAL', 19.99, 'normal'),
(306, 52, 2023, 2024, 'VISITANTE', 19.99, 'normal'),
(307, 53, 2023, 2024, 'LOCAL', 19.99, 'normal'),
(308, 53, 2023, 2024, 'VISITANTE', 19.99, 'normal'),
(309, 54, 2023, 2024, 'LOCAL', 19.99, 'normal'),
(310, 54, 2023, 2024, 'VISITANTE', 19.99, 'normal'),
(311, 55, 2023, 2024, 'LOCAL', 19.99, 'normal'),
(312, 55, 2023, 2024, 'VISITANTE', 19.99, 'normal'),
(313, 56, 2023, 2024, 'LOCAL', 19.99, 'normal'),
(314, 56, 2023, 2024, 'VISITANTE', 19.99, 'normal'),
(315, 57, 2023, 2024, 'LOCAL', 19.99, 'normal'),
(316, 57, 2023, 2024, 'VISITANTE', 19.99, 'normal'),
(317, 58, 2023, 2024, 'LOCAL', 19.99, 'normal'),
(318, 58, 2023, 2024, 'VISITANTE', 19.99, 'normal'),
(319, 59, 2023, 2024, 'LOCAL', 19.99, 'normal'),
(320, 59, 2023, 2024, 'VISITANTE', 19.99, 'normal'),
(321, 60, 2023, 2024, 'LOCAL', 19.99, 'normal'),
(322, 60, 2023, 2024, 'VISITANTE', 19.99, 'normal'),
(323, 61, 2023, 2024, 'LOCAL', 19.99, 'normal'),
(324, 61, 2023, 2024, 'VISITANTE', 19.99, 'normal'),
(325, 62, 2023, 2024, 'LOCAL', 19.99, 'normal'),
(326, 62, 2023, 2024, 'VISITANTE', 19.99, 'normal'),
(327, 63, 2023, 2024, 'LOCAL', 19.99, 'normal'),
(328, 63, 2023, 2024, 'VISITANTE', 19.99, 'normal'),
(329, 64, 2023, 2024, 'LOCAL', 19.99, 'normal'),
(330, 64, 2023, 2024, 'VISITANTE', 19.99, 'normal'),
(331, 65, 2023, 2024, 'LOCAL', 19.99, 'normal'),
(332, 65, 2023, 2024, 'VISITANTE', 19.99, 'normal'),
(333, 66, 2023, 2024, 'LOCAL', 19.99, 'normal'),
(334, 66, 2023, 2024, 'VISITANTE', 19.99, 'normal'),
(335, 67, 2023, 2024, 'LOCAL', 19.99, 'normal'),
(336, 67, 2023, 2024, 'VISITANTE', 19.99, 'normal'),
(337, 68, 2023, 2024, 'LOCAL', 19.99, 'normal'),
(338, 68, 2023, 2024, 'VISITANTE', 19.99, 'normal'),
(339, 69, 2023, 2024, 'LOCAL', 19.99, 'normal'),
(340, 69, 2023, 2024, 'VISITANTE', 19.99, 'normal'),
(341, 70, 2023, 2024, 'LOCAL', 19.99, 'normal'),
(342, 70, 2023, 2024, 'VISITANTE', 19.99, 'normal'),
(343, 71, 2023, 2024, 'LOCAL', 19.99, 'normal'),
(344, 71, 2023, 2024, 'VISITANTE', 19.99, 'normal'),
(345, 72, 2023, 2024, 'LOCAL', 19.99, 'normal'),
(346, 72, 2023, 2024, 'VISITANTE', 19.99, 'normal'),
(347, 73, 2023, 2024, 'LOCAL', 19.99, 'normal'),
(348, 73, 2023, 2024, 'VISITANTE', 19.99, 'normal'),
(349, 74, 2023, 2024, 'LOCAL', 19.99, 'normal'),
(350, 74, 2023, 2024, 'VISITANTE', 19.99, 'normal'),
(351, 75, 2023, 2024, 'LOCAL', 19.99, 'normal'),
(352, 75, 2023, 2024, 'VISITANTE', 19.99, 'normal'),
(353, 76, 2023, 2024, 'LOCAL', 19.99, 'normal'),
(354, 76, 2023, 2024, 'VISITANTE', 19.99, 'normal'),
(355, 77, 2023, 2024, 'LOCAL', 19.99, 'normal'),
(356, 77, 2023, 2024, 'VISITANTE', 19.99, 'normal'),
(357, 78, 2023, 2024, 'LOCAL', 19.99, 'normal'),
(358, 78, 2023, 2024, 'VISITANTE', 19.99, 'normal'),
(359, 79, 2023, 2024, 'LOCAL', 19.99, 'normal'),
(360, 79, 2023, 2024, 'VISITANTE', 19.99, 'normal'),
(361, 80, 2023, 2024, 'LOCAL', 19.99, 'normal'),
(362, 80, 2023, 2024, 'VISITANTE', 19.99, 'normal'),
(363, 81, 2023, 2024, 'LOCAL', 19.99, 'normal'),
(364, 81, 2023, 2024, 'VISITANTE', 19.99, 'normal'),
(365, 82, 2023, 2024, 'LOCAL', 19.99, 'normal'),
(366, 82, 2023, 2024, 'VISITANTE', 19.99, 'normal'),
(367, 83, 2023, 2024, 'LOCAL', 19.99, 'normal'),
(368, 83, 2023, 2024, 'VISITANTE', 19.99, 'normal'),
(369, 84, 2023, 2024, 'LOCAL', 19.99, 'normal'),
(370, 84, 2023, 2024, 'VISITANTE', 19.99, 'normal'),
(371, 85, 2023, 2024, 'LOCAL', 19.99, 'normal'),
(372, 85, 2023, 2024, 'VISITANTE', 19.99, 'normal'),
(373, 86, 2023, 2024, 'LOCAL', 19.99, 'normal'),
(374, 86, 2023, 2024, 'VISITANTE', 19.99, 'normal'),
(375, 87, 2023, 2024, 'LOCAL', 19.99, 'normal'),
(376, 87, 2023, 2024, 'VISITANTE', 19.99, 'normal'),
(377, 88, 2023, 2024, 'LOCAL', 19.99, 'normal'),
(378, 88, 2023, 2024, 'VISITANTE', 19.99, 'normal'),
(379, 89, 2023, 2024, 'LOCAL', 19.99, 'normal'),
(380, 89, 2023, 2024, 'VISITANTE', 19.99, 'normal'),
(381, 90, 2023, 2024, 'LOCAL', 19.99, 'normal'),
(382, 90, 2023, 2024, 'VISITANTE', 19.99, 'normal'),
(383, 91, 2023, 2024, 'LOCAL', 19.99, 'normal'),
(384, 91, 2023, 2024, 'VISITANTE', 19.99, 'normal'),
(385, 92, 2023, 2024, 'LOCAL', 19.99, 'normal'),
(386, 92, 2023, 2024, 'VISITANTE', 19.99, 'normal'),
(387, 93, 2023, 2024, 'LOCAL', 19.99, 'normal'),
(388, 93, 2023, 2024, 'VISITANTE', 19.99, 'normal'),
(389, 94, 2023, 2024, 'LOCAL', 19.99, 'normal'),
(390, 94, 2023, 2024, 'VISITANTE', 19.99, 'normal'),
(391, 95, 2023, 2024, 'LOCAL', 19.99, 'normal'),
(392, 95, 2023, 2024, 'VISITANTE', 19.99, 'normal'),
(393, 96, 2023, 2024, 'LOCAL', 19.99, 'normal'),
(394, 96, 2023, 2024, 'VISITANTE', 19.99, 'normal'),
(395, 97, 2023, 2024, 'LOCAL', 19.99, 'normal'),
(396, 97, 2023, 2024, 'VISITANTE', 19.99, 'normal'),
(397, 98, 2023, 2024, 'LOCAL', 19.99, 'normal'),
(398, 98, 2023, 2024, 'VISITANTE', 19.99, 'normal'),
(399, 1, 1970, 2000, 'TEST', 0.00, 'normal');

INSERT INTO `competiciones` (`id`, `localizacion`, `nombre`) VALUES
(1, 'España', 'La Liga'),
(2, 'Inglaterra', 'Premier League'),
(3, 'Italia', 'Serie A'),
(4, 'Alemania', 'Bundesliga'),
(5, 'Francia', 'Ligue 1');

INSERT INTO `images` (`id`, `imageable_type`, `imageable_id`, `ruta`, `nombre_archivo`, `tipo_mime`) VALUES
(1, 'App\\Models\\Camiseta', 203, '/img/camisetas/madrid-1.webp', 'madrid.webp', 'image/webp'),
(2, 'App\\Models\\Camiseta', 204, '/img/camisetas/madrid-2.webp', 'madrid-2.webp', 'image/webp'),
(3, 'App\\Models\\Camiseta', 205, '/img/camisetas/barcelona-1.webp', 'barcelona-1.webp', 'image/webp'),
(4, 'App\\Models\\Camiseta', 205, '/img/camisetas/barcelona-2.webp', 'barcelona-2.webp', 'image/webp'),
(5, 'App\\Models\\Camiseta', 205, '/img/camisetas/barcelona-3.webp', 'barcelona-3.webp', 'image/webp'),
(6, 'App\\Models\\Camiseta', 205, '/img/camisetas/barcelona-4.webp', 'barcelona-4.webp', 'image/webp'),
(7, 'App\\Models\\Camiseta', 205, '/img/camisetas/barcelona-5.webp', 'barcelona-5.webp', 'image/webp');

INSERT INTO `tallas` (`id`, `talla`, `medidas`) VALUES
(1, 'S', '90-95 cm'),
(2, 'M', '95-100 cm'),
(3, 'L', '100-105 cm'),
(4, 'XL', '105-110 cm');

INSERT INTO `camiseta_talla` (`camiseta_id`, `talla_id`, `stock`, `ventas`) VALUES
(203, 1, 42, 5),
(203, 2, 79, 10),
(203, 3, 68, 0),
(203, 4, 1, 0),
(204, 1, 6, 0),
(204, 2, 28, 0),
(204, 3, 22, 0),
(204, 4, 27, 0),
(205, 1, 68, 2),
(205, 2, 56, 3),
(205, 3, 77, 4),
(205, 4, 16, 5),
(206, 1, 51, 0),
(206, 2, 5, 0),
(206, 3, 74, 0),
(206, 4, 52, 0),
(207, 1, 41, 0),
(207, 2, 49, 0),
(207, 3, 23, 0),
(207, 4, 67, 0),
(208, 1, 66, 0),
(208, 2, 26, 0),
(208, 3, 35, 0),
(208, 4, 99, 0),
(209, 1, 88, 0),
(209, 2, 42, 0),
(209, 3, 49, 0),
(209, 4, 17, 0),
(210, 1, 38, 0),
(210, 2, 38, 0),
(210, 3, 77, 0),
(210, 4, 70, 0),
(211, 1, 19, 0),
(211, 2, 87, 0),
(211, 3, 78, 0),
(211, 4, 25, 0),
(212, 1, 96, 0),
(212, 2, 2, 0),
(212, 3, 26, 0),
(212, 4, 24, 0),
(213, 1, 40, 0),
(213, 2, 28, 0),
(213, 3, 20, 0),
(213, 4, 17, 0),
(214, 1, 25, 0),
(214, 2, 77, 0),
(214, 3, 5, 0),
(214, 4, 96, 0),
(215, 1, 64, 0),
(215, 2, 31, 0),
(215, 3, 66, 0),
(215, 4, 35, 0),
(216, 1, 76, 0),
(216, 2, 76, 0),
(216, 3, 53, 0),
(216, 4, 36, 0),
(217, 1, 22, 0),
(217, 2, 2, 0),
(217, 3, 48, 0),
(217, 4, 30, 0),
(218, 1, 5, 0),
(218, 2, 39, 0),
(218, 3, 79, 0),
(218, 4, 78, 0),
(219, 1, 51, 0),
(219, 2, 22, 0),
(219, 3, 56, 0),
(219, 4, 15, 0),
(220, 1, 8, 0),
(220, 2, 97, 0),
(220, 3, 56, 0),
(220, 4, 93, 0),
(221, 1, 95, 0),
(221, 2, 94, 0),
(221, 3, 84, 0),
(221, 4, 40, 0),
(222, 1, 49, 0),
(222, 2, 25, 0),
(222, 3, 81, 0),
(222, 4, 25, 0),
(223, 1, 87, 0),
(223, 2, 56, 0),
(223, 3, 18, 0),
(223, 4, 25, 0),
(224, 1, 70, 0),
(224, 2, 72, 0),
(224, 3, 53, 0),
(224, 4, 46, 0),
(225, 1, 75, 0),
(225, 2, 32, 0),
(225, 3, 39, 0),
(225, 4, 100, 0),
(226, 1, 79, 0),
(226, 2, 98, 0),
(226, 3, 48, 0),
(226, 4, 51, 0),
(227, 1, 9, 0),
(227, 2, 95, 0),
(227, 3, 44, 0),
(227, 4, 38, 0),
(228, 1, 58, 0),
(228, 2, 77, 0),
(228, 3, 8, 0),
(228, 4, 11, 0),
(229, 1, 31, 0),
(229, 2, 20, 0),
(229, 3, 10, 0),
(229, 4, 89, 0),
(230, 1, 12, 0),
(230, 2, 99, 0),
(230, 3, 55, 0),
(230, 4, 78, 0),
(231, 1, 25, 0),
(231, 2, 95, 0),
(231, 3, 95, 0),
(231, 4, 92, 0),
(232, 1, 72, 0),
(232, 2, 85, 0),
(232, 3, 8, 0),
(232, 4, 87, 0),
(233, 1, 7, 0),
(233, 2, 78, 0),
(233, 3, 65, 0),
(233, 4, 94, 0),
(234, 1, 72, 0),
(234, 2, 77, 0),
(234, 3, 69, 0),
(234, 4, 16, 0),
(235, 1, 74, 0),
(235, 2, 19, 0),
(235, 3, 74, 0),
(235, 4, 12, 0),
(236, 1, 41, 0),
(236, 2, 69, 0),
(236, 3, 19, 0),
(236, 4, 92, 0),
(237, 1, 1, 0),
(237, 2, 30, 0),
(237, 3, 48, 0),
(237, 4, 50, 0),
(238, 1, 7, 0),
(238, 2, 85, 0),
(238, 3, 2, 0),
(238, 4, 58, 0),
(239, 1, 83, 0),
(239, 2, 37, 0),
(239, 3, 41, 0),
(239, 4, 93, 0),
(240, 1, 41, 0),
(240, 2, 26, 0),
(240, 3, 7, 0),
(240, 4, 57, 0),
(241, 1, 64, 0),
(241, 2, 49, 0),
(241, 3, 54, 0),
(241, 4, 22, 0),
(242, 1, 48, 0),
(242, 2, 76, 0),
(242, 3, 33, 0),
(242, 4, 40, 0),
(243, 1, 0, 0),
(243, 2, 84, 0),
(243, 3, 13, 0),
(243, 4, 19, 0),
(244, 1, 56, 0),
(244, 2, 19, 0),
(244, 3, 30, 0),
(244, 4, 92, 0),
(245, 1, 66, 0),
(245, 2, 58, 0),
(245, 3, 90, 0),
(245, 4, 74, 0),
(246, 1, 2, 0),
(246, 2, 90, 0),
(246, 3, 42, 0),
(246, 4, 40, 0),
(247, 1, 76, 0),
(247, 2, 58, 0),
(247, 3, 63, 0),
(247, 4, 40, 0),
(248, 1, 10, 0),
(248, 2, 34, 0),
(248, 3, 37, 0),
(248, 4, 84, 0),
(249, 1, 6, 0),
(249, 2, 82, 0),
(249, 3, 91, 0),
(249, 4, 7, 0),
(250, 1, 65, 0),
(250, 2, 0, 0),
(250, 3, 10, 0),
(250, 4, 49, 0),
(251, 1, 13, 0),
(251, 2, 19, 0),
(251, 3, 57, 0),
(251, 4, 25, 0),
(252, 1, 56, 0),
(252, 2, 5, 0),
(252, 3, 58, 0),
(252, 4, 75, 0),
(253, 1, 0, 0),
(253, 2, 77, 0),
(253, 3, 84, 0),
(253, 4, 87, 0),
(254, 1, 85, 0),
(254, 2, 62, 0),
(254, 3, 56, 0),
(254, 4, 94, 0),
(255, 1, 0, 0),
(255, 2, 22, 0),
(255, 3, 8, 0),
(255, 4, 77, 0),
(256, 1, 59, 0),
(256, 2, 62, 0),
(256, 3, 33, 0),
(256, 4, 81, 0),
(257, 1, 3, 0),
(257, 2, 75, 0),
(257, 3, 64, 0),
(257, 4, 93, 0),
(258, 1, 75, 0),
(258, 2, 96, 0),
(258, 3, 52, 0),
(258, 4, 74, 0),
(259, 1, 14, 0),
(259, 2, 49, 0),
(259, 3, 3, 0),
(259, 4, 70, 0),
(260, 1, 39, 0),
(260, 2, 85, 0),
(260, 3, 6, 0),
(260, 4, 78, 0),
(261, 1, 71, 0),
(261, 2, 21, 0),
(261, 3, 95, 0),
(261, 4, 9, 0),
(262, 1, 62, 0),
(262, 2, 84, 0),
(262, 3, 30, 0),
(262, 4, 0, 0),
(263, 1, 13, 0),
(263, 2, 65, 0),
(263, 3, 83, 0),
(263, 4, 19, 0),
(264, 1, 49, 0),
(264, 2, 89, 0),
(264, 3, 95, 0),
(264, 4, 5, 0),
(265, 1, 47, 0),
(265, 2, 15, 0),
(265, 3, 38, 0),
(265, 4, 44, 0),
(266, 1, 4, 0),
(266, 2, 89, 0),
(266, 3, 33, 0),
(266, 4, 99, 0),
(267, 1, 93, 0),
(267, 2, 68, 0),
(267, 3, 61, 0),
(267, 4, 3, 0),
(268, 1, 33, 0),
(268, 2, 55, 0),
(268, 3, 76, 0),
(268, 4, 12, 0),
(269, 1, 36, 0),
(269, 2, 42, 0),
(269, 3, 2, 0),
(269, 4, 86, 0),
(270, 1, 23, 0),
(270, 2, 58, 0),
(270, 3, 20, 0),
(270, 4, 26, 0),
(271, 1, 72, 0),
(271, 2, 81, 0),
(271, 3, 87, 0),
(271, 4, 93, 0),
(272, 1, 2, 0),
(272, 2, 36, 0),
(272, 3, 71, 0),
(272, 4, 45, 0),
(273, 1, 12, 0),
(273, 2, 28, 0),
(273, 3, 4, 0),
(273, 4, 36, 0),
(274, 1, 66, 0),
(274, 2, 24, 0),
(274, 3, 21, 0),
(274, 4, 34, 0),
(275, 1, 9, 0),
(275, 2, 42, 0),
(275, 3, 84, 0),
(275, 4, 91, 0),
(276, 1, 4, 0),
(276, 2, 49, 0),
(276, 3, 33, 0),
(276, 4, 16, 0),
(277, 1, 82, 0),
(277, 2, 61, 0),
(277, 3, 58, 0),
(277, 4, 9, 0),
(278, 1, 74, 0),
(278, 2, 38, 0),
(278, 3, 72, 0),
(278, 4, 43, 0),
(279, 1, 99, 0),
(279, 2, 66, 0),
(279, 3, 32, 0),
(279, 4, 66, 0),
(280, 1, 29, 0),
(280, 2, 51, 0),
(280, 3, 66, 0),
(280, 4, 78, 0),
(281, 1, 91, 0),
(281, 2, 19, 0),
(281, 3, 24, 0),
(281, 4, 62, 0),
(282, 1, 37, 0),
(282, 2, 2, 0),
(282, 3, 0, 0),
(282, 4, 94, 0),
(283, 1, 69, 0),
(283, 2, 63, 0),
(283, 3, 7, 0),
(283, 4, 46, 0),
(284, 1, 11, 0),
(284, 2, 19, 0),
(284, 3, 60, 0),
(284, 4, 41, 0),
(285, 1, 26, 0),
(285, 2, 6, 0),
(285, 3, 55, 0),
(285, 4, 54, 0),
(286, 1, 4, 0),
(286, 2, 60, 0),
(286, 3, 89, 0),
(286, 4, 61, 0),
(287, 1, 42, 0),
(287, 2, 24, 0),
(287, 3, 98, 0),
(287, 4, 13, 0),
(288, 1, 76, 0),
(288, 2, 36, 0),
(288, 3, 53, 0),
(288, 4, 59, 0),
(289, 1, 36, 0),
(289, 2, 5, 0),
(289, 3, 15, 0),
(289, 4, 60, 0),
(290, 1, 55, 0),
(290, 2, 97, 0),
(290, 3, 17, 0),
(290, 4, 97, 0),
(291, 1, 32, 0),
(291, 2, 70, 0),
(291, 3, 54, 0),
(291, 4, 61, 0),
(292, 1, 40, 0),
(292, 2, 19, 0),
(292, 3, 75, 0),
(292, 4, 16, 0),
(293, 1, 58, 0),
(293, 2, 39, 0),
(293, 3, 21, 0),
(293, 4, 91, 0),
(294, 1, 87, 0),
(294, 2, 63, 0),
(294, 3, 55, 0),
(294, 4, 87, 0),
(295, 1, 69, 0),
(295, 2, 83, 0),
(295, 3, 8, 0),
(295, 4, 94, 0),
(296, 1, 41, 0),
(296, 2, 26, 0),
(296, 3, 7, 0),
(296, 4, 59, 0),
(297, 1, 73, 0),
(297, 2, 88, 0),
(297, 3, 21, 0),
(297, 4, 41, 0),
(298, 1, 42, 0),
(298, 2, 88, 0),
(298, 3, 12, 0),
(298, 4, 98, 0),
(299, 1, 51, 0),
(299, 2, 63, 0),
(299, 3, 59, 0),
(299, 4, 8, 0),
(300, 1, 66, 0),
(300, 2, 3, 0),
(300, 3, 20, 0),
(300, 4, 93, 0),
(301, 1, 0, 0),
(301, 2, 24, 0),
(301, 3, 22, 0),
(301, 4, 35, 0),
(302, 1, 11, 0),
(302, 2, 52, 0),
(302, 3, 23, 0),
(302, 4, 60, 0),
(303, 1, 29, 0),
(303, 2, 66, 0),
(303, 3, 44, 0),
(303, 4, 20, 0),
(304, 1, 69, 0),
(304, 2, 85, 0),
(304, 3, 15, 0),
(304, 4, 23, 0),
(305, 1, 73, 0),
(305, 2, 92, 0),
(305, 3, 39, 0),
(305, 4, 21, 0),
(306, 1, 91, 0),
(306, 2, 89, 0),
(306, 3, 73, 0),
(306, 4, 97, 0),
(307, 1, 64, 0),
(307, 2, 28, 0),
(307, 3, 51, 0),
(307, 4, 72, 0),
(308, 1, 3, 0),
(308, 2, 3, 0),
(308, 3, 8, 0),
(308, 4, 30, 0),
(309, 1, 24, 0),
(309, 2, 32, 0),
(309, 3, 88, 0),
(309, 4, 43, 0),
(310, 1, 53, 0),
(310, 2, 35, 0),
(310, 3, 16, 0),
(310, 4, 76, 0),
(311, 1, 31, 0),
(311, 2, 27, 0),
(311, 3, 42, 0),
(311, 4, 30, 0),
(312, 1, 26, 0),
(312, 2, 39, 0),
(312, 3, 15, 0),
(312, 4, 59, 0),
(313, 1, 48, 0),
(313, 2, 64, 0),
(313, 3, 74, 0),
(313, 4, 78, 0),
(314, 1, 68, 0),
(314, 2, 4, 0),
(314, 3, 21, 0),
(314, 4, 93, 0),
(315, 1, 100, 0),
(315, 2, 18, 0),
(315, 3, 95, 0),
(315, 4, 15, 0),
(316, 1, 96, 0),
(316, 2, 30, 0),
(316, 3, 64, 0),
(316, 4, 28, 0),
(317, 1, 49, 0),
(317, 2, 62, 0),
(317, 3, 63, 0),
(317, 4, 27, 0),
(318, 1, 49, 0),
(318, 2, 63, 0),
(318, 3, 65, 0),
(318, 4, 39, 0),
(319, 1, 0, 0),
(319, 2, 84, 0),
(319, 3, 18, 0),
(319, 4, 41, 0),
(320, 1, 49, 0),
(320, 2, 22, 0),
(320, 3, 66, 0),
(320, 4, 61, 0),
(321, 1, 6, 0),
(321, 2, 51, 0),
(321, 3, 33, 0),
(321, 4, 15, 0),
(322, 1, 76, 0),
(322, 2, 34, 0),
(322, 3, 44, 0),
(322, 4, 16, 0),
(323, 1, 51, 0),
(323, 2, 3, 0),
(323, 3, 66, 0),
(323, 4, 18, 0),
(324, 1, 93, 0),
(324, 2, 9, 0),
(324, 3, 68, 0),
(324, 4, 10, 0),
(325, 1, 50, 0),
(325, 2, 16, 0),
(325, 3, 34, 0),
(325, 4, 19, 0),
(326, 1, 97, 0),
(326, 2, 23, 0),
(326, 3, 28, 0),
(326, 4, 70, 0),
(327, 1, 67, 0),
(327, 2, 24, 0),
(327, 3, 18, 0),
(327, 4, 22, 0),
(328, 1, 54, 0),
(328, 2, 2, 0),
(328, 3, 52, 0),
(328, 4, 54, 0),
(329, 1, 12, 0),
(329, 2, 1, 0),
(329, 3, 70, 0),
(329, 4, 44, 0),
(330, 1, 11, 0),
(330, 2, 25, 0),
(330, 3, 94, 0),
(330, 4, 89, 0),
(331, 1, 64, 0),
(331, 2, 55, 0),
(331, 3, 83, 0),
(331, 4, 46, 0),
(332, 1, 85, 0),
(332, 2, 86, 0),
(332, 3, 76, 0),
(332, 4, 18, 0),
(333, 1, 68, 0),
(333, 2, 82, 0),
(333, 3, 4, 0),
(333, 4, 79, 0),
(334, 1, 82, 0),
(334, 2, 70, 0),
(334, 3, 5, 0),
(334, 4, 17, 0),
(335, 1, 72, 0),
(335, 2, 3, 0),
(335, 3, 5, 0),
(335, 4, 16, 0),
(336, 1, 65, 0),
(336, 2, 74, 0),
(336, 3, 77, 0),
(336, 4, 62, 0),
(337, 1, 79, 0),
(337, 2, 9, 0),
(337, 3, 10, 0),
(337, 4, 22, 0),
(338, 1, 81, 0),
(338, 2, 36, 0),
(338, 3, 38, 0),
(338, 4, 84, 0),
(339, 1, 4, 0),
(339, 2, 71, 0),
(339, 3, 40, 0),
(339, 4, 88, 0),
(340, 1, 17, 0),
(340, 2, 23, 0),
(340, 3, 65, 0),
(340, 4, 56, 0),
(341, 1, 84, 0),
(341, 2, 49, 0),
(341, 3, 97, 0),
(341, 4, 34, 0),
(342, 1, 81, 0),
(342, 2, 0, 0),
(342, 3, 60, 0),
(342, 4, 97, 0),
(343, 1, 5, 0),
(343, 2, 39, 0),
(343, 3, 77, 0),
(343, 4, 66, 0),
(344, 1, 1, 0),
(344, 2, 10, 0),
(344, 3, 46, 0),
(344, 4, 100, 0),
(345, 1, 60, 0),
(345, 2, 99, 0),
(345, 3, 14, 0),
(345, 4, 78, 0),
(346, 1, 46, 0),
(346, 2, 96, 0),
(346, 3, 39, 0),
(346, 4, 11, 0),
(347, 1, 38, 0),
(347, 2, 55, 0),
(347, 3, 61, 0),
(347, 4, 40, 0),
(348, 1, 16, 0),
(348, 2, 60, 0),
(348, 3, 54, 0),
(348, 4, 89, 0),
(349, 1, 81, 0),
(349, 2, 38, 0),
(349, 3, 48, 0),
(349, 4, 27, 0),
(350, 1, 91, 0),
(350, 2, 73, 0),
(350, 3, 91, 0),
(350, 4, 34, 0),
(351, 1, 1, 0),
(351, 2, 3, 0),
(351, 3, 12, 0),
(351, 4, 53, 0),
(352, 1, 26, 0),
(352, 2, 71, 0),
(352, 3, 79, 0),
(352, 4, 79, 0),
(353, 1, 59, 0),
(353, 2, 59, 0),
(353, 3, 18, 0),
(353, 4, 12, 0),
(354, 1, 9, 0),
(354, 2, 9, 0),
(354, 3, 20, 0),
(354, 4, 70, 0),
(355, 1, 91, 0),
(355, 2, 41, 0),
(355, 3, 37, 0),
(355, 4, 59, 0),
(356, 1, 85, 0),
(356, 2, 45, 0),
(356, 3, 70, 0),
(356, 4, 17, 0),
(357, 1, 76, 0),
(357, 2, 26, 0),
(357, 3, 2, 0),
(357, 4, 35, 0),
(358, 1, 69, 0),
(358, 2, 40, 0),
(358, 3, 94, 0),
(358, 4, 47, 0),
(359, 1, 56, 0),
(359, 2, 37, 0),
(359, 3, 16, 0),
(359, 4, 72, 0),
(360, 1, 9, 0),
(360, 2, 33, 0),
(360, 3, 38, 0),
(360, 4, 90, 0),
(361, 1, 32, 0),
(361, 2, 95, 0),
(361, 3, 74, 0),
(361, 4, 86, 0),
(362, 1, 6, 0),
(362, 2, 78, 0),
(362, 3, 69, 0),
(362, 4, 9, 0),
(363, 1, 39, 0),
(363, 2, 71, 0),
(363, 3, 34, 0),
(363, 4, 59, 0),
(364, 1, 93, 0),
(364, 2, 87, 0),
(364, 3, 56, 0),
(364, 4, 19, 0),
(365, 1, 28, 0),
(365, 2, 86, 0),
(365, 3, 41, 0),
(365, 4, 48, 0),
(366, 1, 18, 0),
(366, 2, 47, 0),
(366, 3, 82, 0),
(366, 4, 65, 0),
(367, 1, 79, 0),
(367, 2, 0, 0),
(367, 3, 68, 0),
(367, 4, 36, 0),
(368, 1, 80, 0),
(368, 2, 88, 0),
(368, 3, 100, 0),
(368, 4, 35, 0),
(369, 1, 76, 0),
(369, 2, 74, 0),
(369, 3, 43, 0),
(369, 4, 94, 0),
(370, 1, 40, 0),
(370, 2, 18, 0),
(370, 3, 73, 0),
(370, 4, 6, 0),
(371, 1, 15, 0),
(371, 2, 58, 0),
(371, 3, 44, 0),
(371, 4, 46, 0),
(372, 1, 100, 0),
(372, 2, 60, 0),
(372, 3, 100, 0),
(372, 4, 17, 0),
(373, 1, 91, 0),
(373, 2, 100, 0),
(373, 3, 26, 0),
(373, 4, 33, 0),
(374, 1, 88, 0),
(374, 2, 38, 0),
(374, 3, 26, 0),
(374, 4, 19, 0),
(375, 1, 14, 0),
(375, 2, 17, 0),
(375, 3, 42, 0),
(375, 4, 61, 0),
(376, 1, 76, 0),
(376, 2, 95, 0),
(376, 3, 48, 0),
(376, 4, 56, 0),
(377, 1, 37, 0),
(377, 2, 16, 0),
(377, 3, 70, 0),
(377, 4, 0, 0),
(378, 1, 92, 0),
(378, 2, 58, 0),
(378, 3, 15, 0),
(378, 4, 0, 0),
(379, 1, 58, 0),
(379, 2, 90, 0),
(379, 3, 75, 0),
(379, 4, 3, 0),
(380, 1, 95, 0),
(380, 2, 61, 0),
(380, 3, 22, 0),
(380, 4, 27, 0),
(381, 1, 69, 0),
(381, 2, 65, 0),
(381, 3, 16, 0),
(381, 4, 87, 0),
(382, 1, 85, 0),
(382, 2, 62, 0),
(382, 3, 55, 0),
(382, 4, 92, 0),
(383, 1, 91, 0),
(383, 2, 80, 0),
(383, 3, 27, 0),
(383, 4, 97, 0),
(384, 1, 0, 0),
(384, 2, 15, 0),
(384, 3, 72, 0),
(384, 4, 16, 0),
(385, 1, 64, 0),
(385, 2, 70, 0),
(385, 3, 60, 0),
(385, 4, 88, 0),
(386, 1, 60, 0),
(386, 2, 35, 0),
(386, 3, 99, 0),
(386, 4, 86, 0),
(387, 1, 34, 0),
(387, 2, 12, 0),
(387, 3, 59, 0),
(387, 4, 59, 0),
(388, 1, 17, 0),
(388, 2, 10, 0),
(388, 3, 1, 0),
(388, 4, 74, 0),
(389, 1, 67, 0),
(389, 2, 12, 0),
(389, 3, 62, 0),
(389, 4, 74, 0),
(390, 1, 81, 0),
(390, 2, 82, 0),
(390, 3, 66, 0),
(390, 4, 84, 0),
(391, 1, 23, 0),
(391, 2, 66, 0),
(391, 3, 58, 0),
(391, 4, 94, 0),
(392, 1, 93, 0),
(392, 2, 81, 0),
(392, 3, 27, 0),
(392, 4, 96, 0),
(393, 1, 95, 0),
(393, 2, 87, 0),
(393, 3, 51, 0),
(393, 4, 96, 0),
(394, 1, 24, 0),
(394, 2, 33, 0),
(394, 3, 93, 0),
(394, 4, 65, 0),
(395, 1, 45, 0),
(395, 2, 33, 0),
(395, 3, 31, 0),
(395, 4, 54, 0),
(396, 1, 79, 0),
(396, 2, 28, 0),
(396, 3, 8, 0),
(396, 4, 57, 0),
(397, 1, 57, 0),
(397, 2, 16, 0),
(397, 3, 12, 0),
(397, 4, 10, 0),
(398, 1, 15, 0),
(398, 2, 46, 0),
(398, 3, 83, 0),
(398, 4, 77, 0);

INSERT INTO `equipo_competicion` (`equipo_id`, `competicion_id`) VALUES
(1, 1),
(2, 1),
(3, 1),
(4, 1),
(5, 1),
(6, 1),
(7, 1),
(8, 1),
(9, 1),
(10, 1),
(11, 1),
(12, 1),
(13, 1),
(14, 1),
(15, 1),
(16, 1),
(17, 1),
(18, 1),
(19, 1),
(20, 1),
(21, 2),
(22, 2),
(23, 2),
(24, 2),
(25, 2),
(26, 2),
(27, 2),
(28, 2),
(29, 2),
(30, 2),
(31, 2),
(32, 2),
(33, 2),
(34, 2),
(35, 2),
(36, 2),
(37, 2),
(38, 2),
(39, 2),
(40, 2),
(41, 3),
(42, 3),
(43, 3),
(44, 3),
(45, 3),
(46, 3),
(47, 3),
(48, 3),
(49, 3),
(50, 3),
(51, 3),
(52, 3),
(53, 3),
(54, 3),
(55, 3),
(56, 3),
(57, 3),
(58, 3),
(59, 3),
(60, 3),
(61, 4),
(62, 4),
(63, 4),
(64, 4),
(65, 4),
(66, 4),
(67, 4),
(68, 4),
(69, 4),
(70, 4),
(71, 4),
(72, 4),
(73, 4),
(74, 4),
(75, 4),
(76, 4),
(77, 4),
(78, 4),
(79, 4),
(80, 4),
(81, 5),
(82, 5),
(83, 5),
(84, 5),
(85, 5),
(86, 5),
(87, 5),
(88, 5),
(89, 5),
(90, 5),
(91, 5),
(92, 5),
(93, 5),
(94, 5),
(95, 5),
(96, 5),
(97, 5),
(98, 5);